Sr No,College Name,CollegeUrl,Email,Address,Contact No,TPO Name,TPO Number
1,Jamnalal Bajaj Institute of Management Studies   Mumbai,www.jbims.edu,director@jbims.edu,Dadabhai Navroji House   164   Backbay Reclamation   H. T. Parekh Marg   Rd No.3   Churchgate Mumbai    400020,22747700,,
2,Sydenham Institute of Management Studies & Research & Entrepreneurship Education(SIMSREE)   Mumbai,www.simsree.org,director@simsree.net,B-Road   Churchgate   Mumbai  400020,61510701,,
3,Alkesh Dinesh Modi Institute for Financial & Management Studies   Mumbai,www.mu.ac.in,director@admi.mu.ac.in,Joravar Bhavan  opp.new boys hostel   mumbai university Kalina Vidyanagari campus  Santacruz(E.)Mumbai- 400 098,26521680,,
4,Jankidevi Bajaj Institute of Management Studies   Santacruz   Mumbai,www.jdbims.net,jdbims@sndt.ac.in,Sir Vithaldas Thackersey Vidya Vihar   Juhu Road   Santacruz(w)   Mumbai 400049,26606626,,
5,Government College of Pharmacy   Ratnagiri,www.gcopratnagiri.com,bpharmratnagiri@gmail.com,Government Polytechnic Campus   Near Thiba Palace   Ratnagiri,450459,,
6,Government Institute of Printing Technology   Mumbai,www.gipt.ac.in,gipt_m@rediffmail.com,J.J School Of Architecture Compound   Near Cst Station   Mumbai 400001,20821474,,
7,Government Polytechnic   Mumbai,www.gpmumbai.ac.in,principal@gpmumbai.ac.in  gpmumbai@gpmumbai.ac.in,49   Ali Yawar Jung Marg   Kherwadi   Bandra(E)   Mumbai 400051,26474780,,
8,Government Polytechnic   Pen,www.gppen.ac.in,governmentpolytechnicpen@rediffmail.com,At Post Ramwadi   Tal.Pen   Dist.Raigad. Raigad    402107,9405691405,,
9,Government Polytechnic   Ratnagiri,www.gpratnagiri.org,office.gpratnagiri@dtemaharashtra.gov.in,Near Thiba  Palace   Ratnagiri    415612,222435,,
10,Government Polytechnic   Malvan,www.gpmalvan.co.in,gpmalvan3010@gmail.com,A/P Kumbharmath   Malvan   Sindhudurg    416606,252223,,
11,Government Polytechnic   Thane,www.gpthane.org.in,principal.gpthane@dtemaharashtra.gov.in,At Phadke Pada   Opp. Bharat Gears  Mumbra Shil Road  Opp Bharat  Ltd. Thane    400612,9969601972,,
12,Veermata Jijabai Technological Institute(VJTI)   Matunga   Mumbai,www.vjti.ac.in,director@vjti.org.in,H.R. Mahajani Marg   Matunga   Mumbai ,24198101,,
13,Government Polytechnic   Vikramgad.,,gpvikramgad11@gmail.com,ZadPoli   Shil Road   at post Shil   Tal. Vikramgad   District Palghar,203133,,
14,Sardar Patel College of Engineering   Andheri,www.spce.ac.in,principal@spce.ac.in,Munshi Nagar   Andheri (West)    Mumbai - Suburban   Mumbai ,26232192,,
15,Prin. K.M. Kundnani College of Pharmacy   Mumbai,www.kmkcp.com,kmkcp@rediffmail.com,Plot No. 23   Jote Joy   Rambhau Salgaonkar Marg   Cuffe Parade Mumbai,22164368,,
16,Bombay College of Pharmacy   Santacruz(E)   Mumbai,www.bcp.edu.in,office.bcpindia@gmail.com,Kalina   Santacruz (E)   Mumbai ,26670871,,
17,C U Shah College of Pharmacy for Women   Mumbai,sndt.ac.in,cuscp@yahoo.co.in,Sir Vithaldas Vidyavihar  (SNDT Women Uni)Juhu Road   Santacruz(w) Mumbai,26608462,,
18,Rachna Sansad Academy Of Architecture  Mumbai,www.aoamumbai.in,contact@aoamumbai.in,278   Shankar Ghanekar Marg   Behind Ravindra Natya Mandir   Prabhadevi  Mumbai,24301024,,
19,Sir J. J. College of Architecture   Mumbai,www.sirjjarchitecture.org,sirjjarchitecture@yahoo.co.in,78 / 3   Dr. D.N. Road   Fort   Mumbai,22621649,,
20,Sasmira's Institute of Manmade Textiles   Mumbai,www.sasmira.org,principal@sasmira.org,Dr. A.B. Road   Sasmira Marg   Worli   Mumbai. 400030,24935351,,
21,K. J. Somaiya Polytechnic   Mumbai,polytechnic.somaiya.edu,info.polytech@somaiya.edu,Vidyanagar   Mumbai    400077,21021752,,
22,St. Xavier's Technical Institute   Mumbai,www.xaviertech.com,office@xaviertech.com,Mahim Causeway Road   Mahim   Mumbai    400016,24455937,,
23,Sophia Shree B.K. Somani Memorial Polytechnic)   Mumbai,www.sophiapolytechnic.com,0407principal@msbte.com,Sophia Shree B. K. Somani Memorial Polytechnic   Mumbai    400026,23514147,,
24,Shri Bhagubhai Mafatlal Polytechnic   Mumbai,www.sbmp.ac.in,principalsbmp@rediffmail.com,N.R.G. Gadkari Marg   Mumbai    400056,42336000,,
25,M. H. Saboo Siddik Polytechnic   Mumbai,www.mhssp.org,principal.mhssp@yahoo.com,Anjuman-I-Islam's M.H.Saboo Siddik Polytechnic   8   Shepherd Rd   Byculla   Mumbai,23084881,,
26,Premlila Vithaldas Polytechnic(Womens)  Mumbai,www.pvpsndt.org,pvp@pvpsndt.org,SNDT Women's University  Juhu Road  Santacruz (W) Mumbai - Suburban    400049,26608676,,
27,Father Agnel Technical College (Polytechnic)   Bandra(W)   Mumbai,atc.fragnel.ac.in,fragnel_bandra@yahoo.com,Fr. Agnel Ashram Mumbai    400050,67114054,,
28,S.N.D.T Women's University P.G.D. of Computer Science   Mumbai,www.sndt.ac.in,computersc@sndt.ac.in,Sir Vithaldas Thackersey Vidya Vihar    Juhu Road   Santacruz(w)   Mumbai - 400049,222660,,
29,Dr. Babasaheb Ambedkar Technological University   Lonere,www.dbatu.ac.in,registrar@dbatu.ac.in,Vidyavihar   P.O. Lonere   Ta-Mangaon Dist. Raigad ,275142,,
30,Usha Mittal Institute of Technology SNDT  Women's University   Mumbai,www.umit.ac.in,umit@sndt.ac.in,SNDT  Women's University   Mumbai Juhu Campus   Santacruz (W)   Mumbai ,26605183,,
31,Institute of Chemical Technology   Matunga   Mumbai,www.ictmumbai.edu.in,ar.acad@staff.ictmumbai.edu.in,Nathalal Parikh Marg   Matunga   Mumbai ,33611111,,
32,Hydrabad (Sind) National Collegiate K.M.Kundanani Pharmacy Polytechnic  Ulhasnagar Dist-Thane,www.pkmkpp.org,pkmkpp2003@yahoo.com,Opp. Ulasnagar Railway Station   Thane    421003,2705163,,
33,Dr. Babasaheb Ambedkar Tech.University  Institute of Petrochemical Engineering  Lonere  Raigad,www.iopelonere.com,iopelonere@rediffmail.com,Vidyavihar  P.O.Lonere  Tal-Mangaon. Raigad    402103,275103,,
34,PREMLILA VITHALDAS POLYTECHNIC Pharmacy shifted to 3027 from 3041 ,www.pvpsndt.org,pvp@pvpsndt.org,SNDT Women's University   Juhu Road   Santacruz(W)   Mumbai sub,26608676,,
35,Bharti Vidyapeeth's Institute of Management Studies & Research   Navi Mumbai,www.bvimsr.com,director@bvimsr.com,Sector 8 CBD Belapur Navi Mumbai,27572433,,
36,Chetana's Ramprasad Khandelwal Institute of Management & Research   Mumbai,www.crkimr.in,info@crkimr.in,Survey No. 341   Govt. Colony   Bandra (E)   Mumbai  400051,26513346,,
37,K. J. Somaiya Institute of Management Studies & Research   Mumbai,simsr.somaiya.edu,meera@somaiya.edu,Vidyanagar   Vidyavihar (E)    Mumbai  400077,67283000,,
38,Lala Lajpatrai Institute of Management   Mumbai,www.llim.edu,info@llim.edu,Lala Lajpatrai Marg    Mahalaxmi   Mumbai - 34.,23513874,,
39,Mahatma Gandhi Mission's Institute of Management Studies & Research   Kamothe,www.mgmimsr.org,mgm_imsr@yahoo.com,At.Junction NH4  Sion Panvel Express Highway  Kalamboli  Kamothe  Navi Mumbai Raigad    400706,27433002,,
40,MET's Institute of Management   Mumbai,www.met.edu,director_iom@met.edu,Gen. Arunkumar Vaidya Chowk   Bandra (W)   Mumbai  400050,39554286,,
41,Prin. L. N. Welingkar Institute of Management Development & Research   Mumbai,www.welingkar.org,director@welingkar.org,Lakhamsi Nappo Road   Next To R.A. Podar College of Commerce   Matunga(E)   Mumbai 400019 ,24198300,,
42,Rizvi Institute of Management Studies & Research   Mumbai,www.rmi.rizvi.edu.in,info@rmi.rizvi.edu.in,New Rizvi Education Complex   Off. Carter Road    Bandra (W) Mumbai    400050,26042180,,
43,S.I.E.S. College of Management Studies   Mumbai,www.siescoms.edu,siescomsadmin@sies.edu.in,Sri. Chandrasekarandra Saraswathy Vidyapuram    Plot 1 E   Sector-5   Nerul   Navi Mumbai Raigad    400706,61082400,,
44,Vivekanand Education Society's Institute of Management Studies & Research   Mumbai,www.vesim.ves.ac.in,mailus.vesim@ves.ac.in,495-497  Collectors' Colony   Near Muncipal School   Chembur  Mumbai    400074,67893000,,
45,N. L. Dalmia Institute of Management Studies and Research   Mumbai,www.nldalmia.in,info@nldalmia.in,Srishti   Sector-I   Mira Road (E)   Mumbai Thane    401104,42990033,,
46,Indian Education Society's Management College & Research Centre   Mumbai,www.ies.edu/management,info@ies.edu,Vishwakarma M.D   Lotlikar Vidya Sankul   791   Shri Krishnachand Marg    Opp. Lilavati Hospital   Bandra Reclamation   Bandra (W)   Mumbai    400050,26561717,,
47,Maratha Mandir's Babasaheb Gawde Institute of Management Studies   Mumbai,www.mmbgims.in,director@mmbgims.com,4th Floor   Maratha Mandir's Annex   Babasaheb Gawde Chowk   Dr.  A.B. Nair Rd.    Mumbai Central   Mumbai (M.S.)  400008,66044100,,
48,Mahatma Education Society's Pillai's Institute of Management Studies & Research   New Panvel,www.pimsr.ac.in,pimsr@mes.ac.in,Dr. K. M. Vasudevan Pillai's Campus 10   Sector 16   Podi No. 2   New Panvel   Maharashtra  Raigad    410206,27456100,,
49,Anjuman-I-Islam's Allana Institute of Management Studies   Mumbai,www.aiaims.com,director@aiaims.com,Anjuman-I-Islam's Secretariat Bldg.   Badruddin Tayyabji Marg   Off. 92   D.N. Road   Opp. CST   Mumbai  400001,22705207,,
50,Agnel Charities Agnel Seva Sangha's Fr. C. Rodrigues Inst. of Management. Studies   Vashi   Navi Mumbai,www.fcrims.com,agnelbiz@gmail.com,Sector 9A   Vashi   Navi Mumbai   Thane,27771000,,
51,Gurunanak Institute of Management Studies   Mumbai,www.gnims.com,info@gnims.com,Khalsa College Campus   Annex Building    King's Circle   Matunga   Mumbai  400019,24043927,,
52,Zagdu Singh Chartitable Trust's Thakur Institute of Management Studies & Research   Mumbai,www.timsrmumbai.in/ www.thakureducation.org,timsr@thakureducation.org,Shyam Narayan Thakur Marg   Thakur Village   Kandivali (E)   Mumbai 400101,67308201,,
53,St. Francis Institute of Management & Research   Mumbai,www.sfimar.org,info@sfimar.org,Mt. Poinsur   S.V.P. Road   Borivali(W)   Mumbai 400103,28929156,,
54,Atharva Educational Trust   Atharva Institute of Management Studies   Mumbai,www.atharvaeducation.com,aims@atharvaeducation.com,S. No. 263   Plot No. 8-12   Malad-Marve Road   Charkop Naka   Malad(W)   Mumbai  400095,40294949,,
55,Sahajeevan Shikshan Sanstha's Madanbhai Sura Institute of Business Management   Khed Dist. Ratnagiri,www.msibm.edu.in,msibmkhed@gmail.com,At Post Taluka Khed    District-Ratnagiri ,263895,,
56,IBSAR Trust's IBSAR Institute of Management Studies   Karjat   Raigad,www.ibsar.edu.in,iimskarjat410201@gmail.com,Plot no.159 B  Dahivali Tarfe Need   Karjat   Dist: Raigad  410201,220472,,
57,Parle Tilak Vidyalaya Asso.'s Institute of Management   Mumbai,www.ptvaim.com,admin@ptvaim.com,Chitrakar Ketkar Marg   Vile Parle(E)   Mumbai   400057,26100100,,
58,Saraswati Education Society   Group of Institutions ( Integrated Campus)   Diksal Dist. Raigad,www.tasgaonkartech.com,sesgoifoe3124@gmail.com,Sau.Vandana N.Tasgaonkar Technical Education Complex   Plot No.14   Village Diksal Post Koshane   Kalyan-Karjat Road  ,96570684,,
59,Audyogik Shikshan Mandal's Institute of Management & Computer Studies   Thane ,www.imcost.edu.in,imcost@redifffmail.com,C-4 Wagle Industial Estate   NearMulund Check Naka Thane(Mumbai)  400604,25832452,,
60,NCRD's Sterling Institute of Management Studies   Navi Mumbai,www.ncrdsims.edu.in,accounts@ncrdsims.edu.in,Opp to Darave petrol pump  Plot No 93   Sector 19 Nerul (E)   Navi mumbai  400706,27702282,,
61,Mandar Education Society's Rajaram Shinde College of Master of Business Adminstration   Chiplun,www.mandaredusoc.org,mesmandarmba@gmail.com,At Pedhambe Po. Alore   Tal. Chiplun Dist: Ratnagiri 415603,230243,,
62,Mumbai Institute of Management & Research   Mumbai ,www.mimr.in,miomr@yahoo.com,Knowledge Centre   Behind- MbPT Hospital Nadkarni Park   Near railway station  Wadala(East)   Mumbai - 400 037,24143009,,
63,VPM's Dr. V.N. Bedekar Institute Of Management Studies   Mumbai,www.vnbrims.org,vnbrims@vpmthane.org,Jnanadweepa   Chendani   Bunder Road   Thane (W)   400601,25391665,,
64,Hashmatrai and Gangaram Himathmal Mansukhani Institute of Management   Ulhasnagar   Thane,www.hghmim.edu.in,hsncb.mgmt@gmail.com,Opposite Ulhasnagar Railway Station    Smt. CHM College Campus   Ulhasnagar 421 003,2571867,,
65,Dr. G D Pol Foundation YMT College of Management   Navi Mumbai,www.ymtcollegeofmanagement.org,ymtmanagement@gmail.com,Intitutional Area   Sector 4  Kharghar   Navi Mumbai 410 210,27744408,,
66,Swayamsiddhi Mitra Sangh's College of Management & Research   Thane,www.sscmrmba.in,sscmr.mba@gmail.com,Sonadevi Compaund   Temghar   Near Octroi Naka    Kalyan Road   Bhivandi   Dist. Thane   421302,248257,,
67,Bombay St. Xavier College Soc.'s Xavier Institute of Management & Research   Mumbai,www.ximr.ac.in,admin@ximr.ac.in,St. Xavier College Campus   5   Mahapalika Marg   Mumbai  400001,22650608,,
68,Manjara Charitable Trust's Rajiv Gandhi Institute of Technology   Mumbai,www.mctrgit.ac.in,mctrgit02@gmail.com,Off. Juhu Versova Link Road   Versova   Andheri(W) Mumbai ,26707026,,
69,Oriental Education Society Oriental Institute of Management   Navi Mumbai,www.oim.edu.in,admin@oim.edu.in,Plot No 149   Sector 12   Vashi Navi Mumbai 400703,27899156,,
70,Gahlot Institute of Management Studies and Research   Navi Mumbai,www.gahlotmgmtinst.co.in,gahlot_mgmt@rediffmail.com,Plot No.59   Sector-14   Koperkhairane   Navi Mumbai 400709 ,27550811,,
71,Vidyalankar Institute of Technology  Wadala   Mumbai,www.vit.edu.in,principal@vit.edu.in,Vidyalankar Educational Campus  Vidyalankar College Marg   Wadala(E)   Mumbai ,24161126,,
72,Vighnaharata Trust   Shivajirao S. Jodhale Institute of Management Science and Research   Asangaon,www.jondhlemgmt.org,vjtsscoe@rediffmail.com,Asangaon   Opp. Asangaon Railway Station   Tal.Shahapur   Dist. Thane  421601,9594962027,,
73,Navjeevan Education Society's Polytechnic   Mumbai,www.navjeevanedu.com,nespolytechnic@rediffmail.com,Ganesh Nagar  Ganesh Path Mumbai    400078,25952601,,
74,Zagdu Singh Charitable Trust's Thakur Polytechnic   Mumbai,www.tpolymumbai.in,tpoly@thakureducation.org,Thakur Complex   West To W.E.Highway Mumbai ,28542481,,
75,Mahavir Education Trust's Shah & Anchor Kutchhi Polytechnic   Mumbai,www.sakp.ac.in,info@sakp.ac.in,Near Chhatrapati Shivaji Maharaj Chowk      Waman Tukaram Patil Marg  Mumbai    400088,67978400,,
76,Vivekanand Education Society's Polytechnic   Mumbai,www.ves.ac.in/polytechnic,vespolytechnic@yahoo.co.in,Sindhi Society  Chembur Mumbai    400071,25227638,,
77,Jawahar Education Society's Annasaheb Chudaman Patil College of Engineering  Kharghar   Navi Mumbai,www.acpce.org,principal@acpce.ac.in,Sector 4  Ploat No-17  Kharghar   Navi Mumbai. Dist. Raigad ,27745722,,
78,Saraswati Education Society   Yadavrao Tasgaonkar  Institute of Engineering & Technology   Karjat,www.tasgaonkartech.com,nanduyt@hotmail.com,Near Bhiv puri Road Railway statiion Chandai   Tal Karjat   Dist Raigad,8806753541,,
79,Mahavir Education Trust's Shah & Anchor Kutchhi Engineering College   Mumbai,www.shahandanchor.com,principal@sakec.ac.in,Vaman Tukaram Patil Marg   Chembur   Mumbai,25580854,,
80,Shree Shankar Narayan Education Trust's Rohidas Patil Institute of Management Studies   Bhayandar,www.rpims.com,director@rpims.com,Mahavidyalaya Marg   Navghar    Bhayandar (E)   Dist Thane  401105,28160904,,
81,Vishweshwar Education Society's Indira Institute of Business Management   Navi Mumbai,www.indiraiibm.edu.in,info@indiraiibm.edu.in,Plot No. -2   Sector 9    Sanpada   Navi Mumbai. Raigad    400705,27753228,,
82,Humera Khan Institute Of Mangement Studies & Reserch   Mumbai,www.hkimsr.edu.in,admin.mba@hkimsr.edu.in,Mhada Complex   Pratiksha Nagar    Oshiwara   Jogeshwari (W)   Mumbai  400102,26774588,,
83,Saraswati Education Society's Saraswati College of Engineering  Kharghar Navi Mumbai,www.sce.edu.in,registrarsaraswati@gmail.com,Plot No 46/46 A   Sector 5 Near MSEB Sub Station Kharghar Navi Mumbai  Dist. Raigad ,27743705,,
84,SYCSPM'S Sinhgad Institute of Business Management   Chandivali   Powai   Mumbai,www.sycspm.org,info@sycspm.org,Plot No. 126   MHADA Colony   Chandivali   Powai   Mumbai.  400072,28582888,,
85,Shree Ghatkopar Sarvajanik Jivdaya Khatur's Aruna Manharlal Shah Institute of Management & Research   Ghatkopar,www.amsimr.org,info@amsimr.org,R. B. Kadam Marg(Jivdaya Lane)   Near MTNL Exchange   Agra Road   Ghatkopar (w) Mumbai  400086,25126805,,
86,Saket Gyanpeeth's   Saket College of management   Kalyan,www.saketcollegeofmanagement.com,saketcollegeofmanagement@gmail.com,S.No.27   H.No.10   Katemanivlli   Kalyan (East)  Dist:Thane  421304,2250469,,
87,JNIESTR's  Rajeev Gandhi College of Management Studies   Navi Mumbai,www.rgcms.edu.in,rgcms@rediffmail.com,Plot No. 1  Sector-8   Ghansoli   Navi Mumbai. ,7303760809,,
88,Mahatma Edu.Soc.'s Pillai's HOC Institute of Management Studies & Research   Khalapur Dist. Raigadh,www.phimsr.ac.in,vpillai@mes.ac.in,Pillai's HOCL Educational Campus  Rasayani  Khalapur   Via Panvel   Dist Raigad.  410207,250066,,
89,Viva Institute of Management and Research (Viva School of Management and Research),www.vivaimr.org,contact@vivaimr.org,Viva Institute of Management and Research (Viva School of Management and Research),6990999,,
90,Bharti Vidyapeeth's Institute of Management & Information Technology   Navi Mumbai,www.bvimit.co.in,admission@bvimit.co.in,Sector 8. CBD   Belapur   Navi Mumbai  400614,27578415,,
91,Shri Angarsiddha Shikshan Prasarak Mandal's Diploma In Pharmacy Institute  Sangulwadi  Tal-Vaibhavwadi,www.saspmsdpharm.in,0852principal@msbte.com,Np 1290   At Post Sangulwadi   Vaibhavwadi   Sindhudurg 416810,237370,,
92,Viva School Of MCA   Virar (E),www.vivamca.org,principal@vivamca.org,Viva School Of MCA   Virar (E),7770002544,,
93,Mumbai Education Trust's Institute of Computer Science   Bandra (W)   Mumbai,www.met.edu,principal_ics@met.edu,Gen. Arunkumar Vaidya Chowk   2nd Floor   MET complex   Bandra Reclamation   Bandra(W)   Mumba 400050,39554267,,
94,Thakur Institute of Management Studies Career Development Research   Kandivali (E)   Mumbai,www.timscdrmumbai.in,timscdr@thakureducation.org,Shyamanarayan Thakur Marg   Thakur Village   Kandivali (E)   Mumbai    400101,67308301,,
95,Late Bhausaheb Hiray S. S. Trust's Institute of Computer Application   Bandra (E)   Mumbai,hiray.org,hirayplacement@yahoo.co.in,S.No 341   Next to New English School  Opp. Kherwadi police station Govt. Colony   Bandra(E)   Mumbai  400051,26570986,,
96,Deccan Education Society's Navinchandra Mehta Institute of Technology & Development   Dadar   Mumbai,www.nmitd.edu.in,director@nmitd.edu.in,DES's Mumbai Campus   Kirti College Road   Dadar (W)   Mumbai.  400028,62764583,,
97,Ramrao Adik Edu Soc   Ramarao Adik Institute of Tech.   Navi Mumbai,www.rait.ac.in,ramraoadik@gmail.com, Dr. D.Y. Patil Vidyanagar   Sector-7   Phase-I   Nerul   Navi Mumbai,27709574,,
98,M.G.M.'s College of Engineering and Technology   Kamothe   Navi Mumbai ,www.mgmmumbai.ac.in,principal.cet@mgmmumbai.ac.in,At Junction of NH4 & Sion-Panvel Expressway    Kamothe   Navi Mumbai ,27433421,,
99,Thakur College of Engineering and Technology   Kandivali   Mumbai,www.tcetmumbai.in,tcet@thakureducation.org,Thakur Shyamnarayan Marg  Thakur Village  Kandivali(E)   Mumbai,67308000,,
100,K.J.Somaiya College of Engineering   Vidyavihar   Mumbai,www.somaiya.edu/kjsce,principal.engg@somaiya.edu,Vidya_Nagar   Vidya Vihar   Mumbai ,66449191,,
101,Thadomal Shahani Engineering College   Bandra   Mumbai,www.tsec.edu,gtthampi@yahoo.com,37th Road   Off Linking Road   (Near National)   Bandra (West)   Mumbai ,26041631,,
102,Anjuman-I-Islam's M.H. Saboo Siddik College of Engineering   Byculla   Mumbai,www.mhssce.ac.in,aimhssce@gmail.com,8   M.H.Saboo Siddik Polytechnic Road   P.O.Box: 4627   Byculla   Mumbai,23012922,,
103,Fr. Conceicao Rodrigues College of Engineering   Bandra  Mumbai,www.fragnel.edu.in,crce@fragnel.edu.in,Father Agnel Ashram    Band-stand   Bandra (West)   Mumbai,67114000,,
104,Vivekanand Education Society's Institute of Technology   Chembur   Mumbai,www.ves.ac.in/vesit,vesit@vsnl.com,Hashu Advani Memorial Complex   Behind Collector Colony   R.C. Marg   Chembur   Mumbai,61532532,,
105,Indrayani Shikshan Prasarak Mandal Shri Pushpasen Sawant College of Diploma Pharmacy  Kudal,www.spspharmacycollege.com,indrayanipharmacy@gmail.com,At Post Digas   Tal. Kudal Dist. Sindhudurg Sindhudurg    400088,229022,,
106,N.Y.S.S.'s Datta Meghe College of Engineering   Airoli   Navi Mumbai,www.dmce.ac.in,principaldmce@yahoo.com,P.B. No. 15   CIDCO Colony   Plot No. 98   Sector 3    Airoli   Navi Mumbai ,27791662,,
107,Padmabhushan Vasantdada Patil Pratishthans College of Engineering   Sion  Mumbai,www.pvppcoe.ac.in,principal@pvppcoe.ac.in,Padmabhushan Vasantdada Patil Education Complex   Eastern Express Highway   Near Everard Nagar    Sion-Chunabhatti Mumbai ,24070547,,
108,Bharati Vidyapeeth College of Engineering    Navi Mumbai,www.bvcoenm.edu.in,principal.bvcoenm@bharatividyapeeth.edu,Sector - 7  CBD- Belpur   Navi Mumbai 400614 ,27572140,,
109,Terna Engineering College   Nerul   Navi Mumbai,www.ternaengg.ac.in,principal@terna.org,Plot No. 12   Sector-22  Opp. Nerul Railway Station  Phase-II   Nerul (W)  Navi Mumbai ,61115444,,
110,Mandar Education Society's Rajaram Shinde College of Engineering   Pedhambe,www.mandaredusoc.org,rscoedegree@gmail.com,At Pedhambe   Po. Alore   Tal : Chiplun   Dist. Ratnagiri,230005,,
111,Smt. Indira Gandhi College of Engineering   Navi Mumbai,www.sigce.edu.in,contactus@sigce.edu.in,Plot No.1   Sector No. 08   Ghansoli    Navi Mumbai 400 701,27543608,,
112,Shivajirao S. Jondhale College of Engineering   Dombivali  Mumbai,www.shivajiraojondhalecoe.org.in,officessjcoe@gmail.com,Sheel Kalyan Highway   Behind Venkatesh Petrolpump   Sonarpada   Manpada Post   Dombivali (E) Thane ,2872560,,
113,Vidyavardhini's College of Engineering and Technology   Vasai,www.vcet.edu.in,vcet_inbox@vcet.edu.in,Vasai Road (W Rly)   Tal: Vasai   District Palghar ,2338234,,
114,Lokmanya Tilak College of Engineering   Kopar Khairane   Navi Mumbai,www.ltce.in,principal.ltce@gmail.com,Sector - 4   Plot N0 17 & 18   Vikas Nagar   Koparkhairane   Navi Mumbai,27541005,,
115,Agnel Charities' FR. C. Rodrigues Institute of Technology   Vashi   Navi Mumbai,www.fcrit.ac.in,principalfcrit@gmail.com,Sector 9-A    Vashi   Navi Mumbai  ,227771000,,
116,Konkan Gyanpeeth College of Engineering   Karjat,www.kgce.edu.in,principal@kgce.edu.in,Vengaon Road   Dahivali   Karjat,222580,,
117,Shri Vile Parle Kelvani Mandal's Dwarkadas J. Sanghvi College of Engineering   Vile Parle  Mumbai,www.djsce.ac.in,info@djsce.ac.in,Plot No. U-15   J.V.P.D. Scheme   Bhaktivedanta Swami Marg   Vile Parle (West)   Mumbai,26123892,,
118,Hope Foundation and research center's  Finolex Academy of Management and Technology   Ratnagiri,www.famt.ac.in,admin@famt.ac.in,P- 60   P-60/1   MIDC   Mirjole Block   Ratnagiri,229657,,
119,Rizvi Education Society's Rizvi College of Engineering   Bandra  Mumbai,www.eng.rizvi.edu.in,info@eng.rizvi.edu.in,Rizvi Educational Complex   Off Carter Road   Sherly Rajan Village   Bandra (W)   Mumbai ,26043866,,
120,Rajendra Mane College of Engineering & Technology  Ambav Deorukh,www.rmcet.com,info@rmcet.com,At - Ambav (Devrukh).Tal Sangameshwar  Dist.- Ratnagiri,269400,,
121,Atharva College of Engineering  Malad(West)  Mumbai,www.atharvaeducation.com,ace@atharvaeducation.com,S. No. 263   Plot No. 8-12   Malad-Marve Rd   Charkop Naka   Malad(W)   Mumbai,40294949,,
122,St. Francis Institute of Technology  Borivali   Mumbai,www.sfit.ac.in,sfedu@sfit.ac.in,Mount Poinsur   S.V.P. Road   Borivali ( W )   Mumbai ,28928585,,
123,Bharati Vidyapeeth College of Pharmacy   Belapur   Navi Mumbai,www.bvcop.in,bharaticop@rediffmail.com,Sector 8   C.B.D   Belapur   Dist Thane ,27571122,,
124,S.S.P.M.'s College of Engineering   Kankavli,www.sspmcoe.ac.in,sspmcoe@gmail.com, A/P-Harkul Budruk   Tal- Kankavali. Dist-Sindhudurg,233812,,
125,Mahatma Education Society's Pillai College of Engineering   New Panvel,www.pce.ac.in,principalpce@mes.ac.in,Dr. K.M.Vasudevan Pillais' Campus Plot No. 10   Sector 16   New Panvel   Dist.Raigad,27456100,,
126,Don Bosco Institute of Technology   Mumbai,www.dbit.in,dbit@dbit.in,Premier Automobiles Road  Opp. Fiat Company   Kurla (West)   Mumbai ,25042018,,
127,K J Somaiya Institute of Engineering and Information Technology   Sion   Mumbai,www.somaiya.edu/vidyavihar/kjsieit,principal.tech@somaiya.edu,Somaiya Auryvihar Complex    Near Everard Nagar Eastern Express Highway   Sion (East)   Mumbai,24080331,,
128,Excelsior Education Society's K.C. College of Engineering and Management Studies and Research   Kopri   Thane (E),www.kccoe.org,kcce21@hotmail.com,Mith bunder Road   Near Sadguru Gardens   Kopri   Thane (E),25327100,,
129,S.I.E.S. Graduate School of Technology   Nerul   Navi Mumbai,www.siesgst.edu.in,principalgst@sies.edu.in,Sri. Chandrsekarendra Saraswathy Vidyapuram   Sector-5   Plot 1C&1E   Nerul Dist. Raigad ,61082400,,
130,WATUMULL INSTITUTE OF ELECTRONICS ENGINEERING & COMPUTER TECHNOLOGY   ULHASNAGAR,www.watumull.edu,principal@watumull.edu,Plot No.157  C.H.M.Campus  Opp.Ullhasnagar Rilway Station  Ulhasnagar-421003(W),2567670,,
131,Xavier Institute Of Engineering C/O  Xavier Technical Institute  Mahim  Mumbai,www.xavier.ac.in,office@xavier.ac.in,Opposite S.L.Raheja Hospital   Mahim Causeway   Mahim(W)     Mumbai,24451961,,
132,Bhartiya Vidya Bhavan's Sardar Patel Institute  of Technology    Andheri   Mumbai,www.spit.ac.in,principal@spit.ac.in,Bhavan's Campus   Versova Road   Munshi Nagar   Andheri (West)   Mumbai,26287250,,
133,Gharda Foundation's Gharda Institute of Technology  Khed   Ratnagiri,www.git-india.edu.in,principal@git-india.edu.in,A & Po. Lavel Tal Khed    Dist. Ratnagiri,262798,,
134,Vighnaharata Trust's  Shivajirao S. Jondhale College of Engineering & Technology   Shahapur   Asangaon   Dist Thane,www.jondhleengg.org,vjtsscoe@rediffmail.com,At Asangaon   Tal Shahapur   Opp Railway station   Dist : Thane,273999,,
135,Aldel Education Trust's St. John College of Engineering & Management   Vevoor   Palghar,www.sjcem.edu.in,office@sjcem.edu.in,St. John Technical Education Complex   Village Vevoor  Manor Road  Palghar (E),297275,,
136,Koti Vidya Charitable Trust's  Smt. Alamuri Ratnamala Institute of Engineering and Technology    Sapgaon   Tal. Shahapur,www.armiet.com,registrar@armiet.com,Sapgaon   Taluka Shahapur  Dist. Thane,40244310,,
137,Saraswati Education Society   Yadavrao Tasgaonkar College of Engineering and Management   Nasarapur   Chandai   Karjat,www.tasgaonkartech.com,sesytcem@gmail.com,Chandhai   Neral - Kadav Raod   Post Nasrapur   Taluka Karjat   Dist. Raigad,321524,,
138,Late Shri. Vishnu Waman Thakur Charitable Trust   Viva Institute of Technology   Shirgaon,www.viva-technology.org,principalvit@vivacollege.org,Shirgaon   At. Post Virar   Tal. Vasai. Thane ,7770002544,,
139,Haji Jamaluddin Thim Trust's Theem College of Engineering   At. Villege Betegaon   Boisar,www.theemcoe.org,info@theemcoe.org,At Village Betegaon  Boisar Chillhar Road    Near Union Park    Boisar(E)   Tal: Palghar  ,284909,,
140,Mahatma Education Society's Pillai HOC College of Engineering & Technology   Tal. Khalapur. Dist. Raigad,www.phcet.ac.in,pragneshshah@mes.ac.in, Pillai HOCL Educational,,,
,,,,,,,
Campus   Rasayani   Tal. Khalapur. Dist. Raisad-,669000,,,,,,
141,Leela Education Society   G.V. Acharya Institute of Engineering and Technology   Shelu   Karjat,www.leelaeducationsociety.org,principalgvaiet@yahoo.com,Shelu/Damat Village   (Opp. Shelu Rly Station)   Tal. Karjat. Dist. Raigad,229628,,
142,Saraswathi Vidya Bhavan's College of Pharmacy   Dombivli,www.svbpharmacy.org,svbcop@nessvb.net,Shankaranagar   Shilpada Road   Dombivali (E)   Dist : Thane ,8976545161,,
143,Mumbai Educational  Trust's Institute of Pharmacy   Mumbai,www.met.edu,degree_iop@met.edu,General Arunkumar Vaidya Chowk   Bandra Reclamation   Bandra (W) Mumbai ,39554230,,
144,SVKM's Dr. Bhanuben Nanavati College of Pharmacy   Mumbai ,www.bncp.ac.in,registrar@bncp.ac.in,Gate No.1   Mithibai College Campus   1st Floor   V.M. Road   Vile parle (West)   Mumbai,42332052,,
145,Dr. L. H. Hiranandani College of Pharmacy   Ulhasnagar,www.hsncbscop.com,dlhhcop@hsncb.com,C.H.M. College Campus   Opp. Ulhasnagar Railway Station Ulhasnagar Dist : Thane ,2733963,,
146,NCRD's Sterling Institute of Pharmacy   Navi Mumbai,www.ncrdsip.org,ncrdsipoffice@gmail.com,Plot 93 sector 19 Nerul(E)   Navi Mumbai ,27715308,,
147,Oriental College of Pharmacy    Navi Mumbai,www.oes.ac.in,admin.ocp@oes.ac.in,Plot No. 2  3 & 4    Sector 2   Sanpada   Navi Mumbai  Dist. Raigad,27753117,,
148,Yadavrao Tasgaonkar Institute of Pharmacy  Chandhai   Bhiv-puri Road Station   Tal-Karjat,www.tasgaonkartech.com,nanduyt@hotmail.com,Dr.N.Y.Tasgaonkar Education Complex   Village Chandhai  Near Bhivpuri Road Rly station  Tal-Karjat  (on Mumbai-Pune Rly Rout) Dist. Raigad,7350833666,,
149,Govindrao Nikam College Of Pharmacy   Sawarde,sawardepharmacy.com,sssdgpharmacy@rdiffmail.com,Sawarde (Wahalphata) Tal. Chiplun Dist. Ratnagiri ,264163,,
150,Maharashtra Education Society's H.K. College of Pharmacy   Jogeshwari   Mumbai,www.hkcp.edu.in,pharmacy.director@hkcp.edu.in,Prateeksha Nagar   New MHADA Colony   transit camp   Jogeshwari   Mumbai ,26788462,,
151,Gahlot Institute of Pharmacy   Koparkhairane   Navi Mumbai,www.gip.edu.in,gahlot_pharma@rediffmail.com,Plot No 59    Sector  14    Koparkhairane  Navi Mumbai ,27550816,,
152,Konkan Gyanpeeth Rahul Dharkar College of Pharmacy & Research Institute   Karjat   Dahivali   Karjat  Dist. Raigad,www.kgrdcp.com,p.kgrdcp@gmail.com,Vengaon Road   Dahivali   Karjat   Dist. Raigad ,220312,,
153,Vivekanand Education Society's College of Pharmacy   Chembur   Mumbai,www.ves.ac.in/pharmacy,vespharm@yahoo.co.in,Hashu Advani Memo Complex   Behind Collector Colony   Wadhawali Village   Chembur Mumbai ,61144144,,
154,Adarsh Shikshan Prasarak Mandal's Ideal College of Pharmacy & Research   Ambernath,www.idealcollege.in,principal_icpr@idealcollege.in,Bhalgaon At/Post - Dwarli   Haji Malang Road   Kalyan Rly. Station  Dist- Thane ,7718838222,,
155,Prabhodhan Shikshan Prasarak Sanshta's Indira Institute of Pharmacy   Sadavali,www.iip.ind.in,info@iip.ind.in,A/P Sadavali (Devrukh) Taluka: Sangmeshwar   Dist. Ratnagiri,261799,,
156,Aldel Education Trust's St. John Institute of Pharmacy and Research   Vevoor   Palghar,www.sjipr.in,office@sjipr.edu.in,St. John Technical Education Complex   Village Vevoor  Manor Road   Palghar (E)   ,256792,,
157,Vighnarta Trust   Shivajirao Jondhale College of Pharmacy   Shahapur,www.jondhlepharma.org,vjtsscoe@rediffmail.com,Shahpur   Opp. Asangaon Rly Station    Shahpur   Dist. Thane ,273999,,
158,Shri Rishikesh Shikshan Prasarak Mandal   D.D.Vispute College of Pharmacy & Research Center   (Devad)  New Panvel,www.visputepharmacy.info,ashish_aeish@rediffmail.com,Gat No. 104   AT Post Devad  Vichumbe   Near New Panvel   Tal-Panvel   Dist-Raigad,27462888,,
159,Padmshree Dr. D. Y. Patil College of Architecture   Navi Mumbai,www.dypatil.edu,principaldypca@gmail.com,Padmshree Dr. D. Y. Patil College of Architecture    Padmashree Dr. D. Y. Patil Vidyapeeth Campus   Sector - 7  Nerul   Navi Mumbai.Dist. Raigad,27709594,,
160,Bharati Vidyapeeth's College of Architecture   Belapur   Navi Mumbai,bvcoa.kdc4u.net,principal.bvcoa@gmail.com,Sector-8  C.B.D.  Belapur   Opp.Konkan Bhavan. Navi Mumbai  Dist. Raigad ,27571451,,
161,Mahatma Education Society's Pillais College of Architecture   New Panvel,www.pica.ac.in,pica.panvel@gmail.com,Pillais College of Architecture Dr. K.M.Vasudevan Pillai's Campus   10   Sector 16   New Panvel   Navi Mumbai Dist. Raigad,27456100,,
162,Rizvi College of Architecture  Bandra(W)   Mumbai,www.arch.rizvi.edu.in,rizviarchitecture@gmail.com,Rizvi Educational  Complex   Off Carter Road   Bandra (W)   Mumbai,26050624,,
163,Kamla Raheja Vidhyanidhi  Institute for Architecture and Environmental Studies   Mumbai,www.krvia.ac.in,admin@krvia.ac.in,Vidyanidhi Marg   J.V.P.D. Scheme   10th Road   Mumbai ,26700918,,
164,Late Baliram Hiray S.S. Trust's Dr.Baliram Hiray College of Architecture   Mumbai,www.hiray.edu.in,hirayarch@yahoo.co.in,Sr No. 351  Opp Kherwadi Police Station    Next to New English School   Govt. Colony   Bandra (E)   Mumbai,26570986,,
165,Indian Education Society's College of Architecture   Mumbai,www.ies.edu/architecture,iescoa@ies.edu,VML Vidyasankul Opp. Leelavati Hospital   791   Bandra Reclamation   Bandra (W)   Mumbai ,26561856,,
166,The Sultan Khan Educational Trust's Asmita College of Architecture,www.asmitacampus.com,asmitaarch@yahoo.com,At NH English Academy Campus   Asmita Enclave   Mira Road(E) Dist. Thane,Ext.-,,
167,L.S. Raheja School of Architecture   Bandra(E)   Mumbai,www.lsrsa.edu.in,rahejaarch@lsrsa.edu.in,Raheja Educational Complex   Kher Nagar   Opp.Colgate  Pamolive Ground   Bandra(E)   Mumbai.,61966666,,
168,Samayak Sankalp College of Architecture   Aadivali   Ambernath,www.samyaksankalpa.com,ssc_architecture@rediffmail.com,At post Aadivali   Taluka Ambernath   Dist. Thane,2350412,,
169,Mandar Education Society's Rajaram Shinde  Institute of Engineering and Technology   Pedhambe,www.mandaredusoc.org,mandar.rsiet@gmail.com,Mandar Education Society's   Rajaram Shinde Instt of Engg  Ratnagiri    415603,230003,,
170,Bharati Vidyapeeth's Institute of Technology   Navi Mumbai,www.iotmumbai.bharatividyapeeth.edu,bvitmumai@yahoo.com,Belpada   C. B. D. SECTOR - 7   OPP. Kharghar Railway Station   Navi Mumbai.,27572434,,
171,Vidya Prasarak Mandal's Polytechnic   Thane,www.vpmthane.org,vpmpoly@vpmthane.org,Chendani   Bunder Road   Jnanadweepa    College Campus Thane    400601,25364494,,
172,Agnel Polytechnic (Fr. Agnel Charities)    Vashi   Navi Mumbai,apv.ac.in,423agnel@gmail.com,Sector 9A   Vashi   Navi Mumbai,27771000,,
173,Khalapur Taluka Shikshan Prasarak Mandal's    B.L. Patil Polytechnic   Khopoli   Dist.Raigad,www.blppolykhopoli.com,ktspkpk@rediffmail.com,Near Old Police Station   Khopoli  Raigad  410203,266157,,
174,Vidyavardhini's Bhausaheb Vartak Polytechnic   Vasai  Thane,www.vartakpolytechnic.org,vbvpolytechnic@rediffmail.com,Vidyavardhini's  Campus    Vasai Road (W.Rly) Thane    401202,2334291,,
175,Smarth Samaj's S. H. Jondhale Polytechnic   Dombivli,www.jondhalepolytechnic.org,shjptech@yahoo.co.in,S. S. Jondhale Educational Complex  Shastri Nagar  Dombivli(W) Thane    421202,2491544,,
176,Sahyadri Shikshan Sanstha's Sahyadri Poly.Sawarde(Ratnagiri),www.sahyadripoly.org,0108principal@msbte.com, Technical Campus     Sawarde (Vahal Phata)   Tal:Chiplun   Ratnagiri    415606,264173,,
177,Sai Shiva Education Trust's   Muchhala Polytechnic  Thane,www.muchhalapolytechnic.com,muchhalapolytechnic@gmail.com,Sai Baba Vihar Complex   Anandnagar Thane    400601,25973939,,
178,Samarth. Samaj's. Shivajirao S. Jondhale Polytechnic   Ambernath(E)   Mumbai,www.ssjondhlepoly.org,147.principal.poly@gmail.com,Navare Nagar   B Cabin Road   Ambernath(E)  Thane    421501,2685004,,
179,Maratha Mandir's Babasaheb Gawade Institute of Technology   Mumbai,www.mmbgit.org,ajit.parab@mmbgims.com,Maratha Mandir annex  Babasaheb Gawade Chowk    Mumbai    400008,66044100,,
180,Ramrao Adik Education Society's Dr. D.Y.Patil Polytechnic   Nerul,www.dypatilpolytechnic.ac.in,dypatilpolytechnic@rediffmail.com,Dr. D.Y.Patil Vidyanagar   Sector-7   Phase-1   Nerul  New Mumbai 400706,27709592,,
181,Vidyalankar Polytechnic   Mumbai,www.vpt.edu.in,principal@vpt.edu.in,Vidyalankar Educational Campus  Antop Hill   Wadala   Vidyalankar Marg   Mumbai    400037,24161126,,
182,Kala Vidyamandir Institute of Technology (Polytechnic)   Malad(W)   Mumbai,www.kvmt.co.in,kvmitprinicipal@rediffmail.com,MHADA World Bank project   Plot  No. M3   RSC  Gaekwad Nagar   Malad(W)  Mumbai    400095,28440012,,
183,Shree Shankar Narayan Education Trust  Pravin Patil College of Diploma Engg. & Technology   Bhayinder (E) Western Rly,www.prppolytechnic.com,info@prppolytechnic.com,Navghar  Bhayander(E)   Thane    401105,28044871,,
184,Anjuman-I-Islam's Abdul Razzak Kalsekar Polytechnic  Panvel   Navi Mumbai,www.arkp.org,principal.aiarkp@gmail.com,Plot No. 3    Sector-16   Near Garden Hotel   Khanda Gaon Raigad    410206,27454670,,
185,Institute of Printing Technoloy and Research   Panvel,www.mmpiptr.com,mmpiptr@gmail.com,Plot No. 3   Sector - 11   Balbharati Marg   Khanda Colony   New Panvel   410206,27481677,,
186,Shivajirao S. Jondhle Polytechnic   Asangaon   Shahapur.Thane,www.jondhlepoly.org,vjtsscoe@rediffmail.com,Opp. Railway Station  Asangaon   Shahapur. Thane    421601,2481544,,
187,Saraswati Education Society  Saraswati Institute of Technology   Kharghar   Navi Mumbai,www.siot.edu.in,ses.siot.os.09@gmail.com,Plot No.-46/46A   Behind M.S.E.B.Sub Station   Near Utsav Chowk   Sector-5   Kharghar Navi Mumbai Raigad    410210,27743705,,
188,Saraswati Education Society   Yadavrao Tasgaonkar Polytechnic   Chandha   Nasarapur   Bhivpuri Road Railway,www.tasgaonkartech.com,nanduyt@hotmai.com,Chandha   Nasarapur   Bhivpuri Road  Near Railway Station   Taluka Karjat Raigad    410201,320596,,
189,Mahatma Education Society's   Pillai HOC Polytechnic   Rasayani,www.phcp.ac.in,pillaihocpolytechnic@mes.ac.in,at Pillai HOCL Educational Campus   Rasayani   Tal.Khalaur   Raigad.,252005,,
190,Prabhakar Patil Education Society's   Polytechnic  Raigad,www.ppespoly.edu.in,ppespoly@gmail.com,SR.No. 54a  At.Bilavale (Thakur Wadi)Post. Vavadal  Tal: Khalapur Tal.Khalapur   Dist.Raigad  410202,271046,,
191,Dnyan Prasarak Shikshan Sanstha's   Balasaheb Mhatre Polytechnic  Ambarnath,www.bmpolytechnic.com,bmpolytechnic09@gmail.com,S.No. 158-1a  160-3/1a  At Kanhor  Tal Ambarnath   Dist Thane ,2665015,,
192,Leela Education Society   G. V. Acharya Polytechnic  Shelu    Karjat,www.leelaeducationsociety.org,chitalemukundm@gmail.com,Opp.Shelu Rly.Stn. Shelu(W) Tal.Karjat   Dist. Raigad  410201,229638,,
193,Bhartiya Education/Social Charitable Trust   Sheth Shri Otarmal Sheshmal Parmar College Of Diploma   Raigad,www.osparmarpolytechnic.com,principalssosp@gmail.com,S.No.Of Land 349/350   Velshet-Nagothane  Post:Paigonda Tal:Roha   Dist:Raigad  401106,222522,,
194,Sahyadri Shikshan Sanstha's College of Pharmacy Sawarde,www.ssscops.in,pharmacycollegesawarde@yahoo.in,Savarde   Technical Campus (Wahal Phata)  Ratnagiri    415606,264106,,
195,Mandar Education Society's College of Pharmacy(Diploma)   Pedhambe,www.mandaredusoc.org,ssscopharmacy@gmail.com,At.Alore Post Pedhambe ,230011,,
196,Navyug Vidyapeeth Trust's Institute of Pharmacy  Mahad   Raigad,www.navyugedu.org,navyug.org@gmail.com,Ladawali   Mahad   Dist:Raigad-402301,222344,,
197,Mumbai Education Trust's Institute Of Pharmacy   Mumbai,www.met.edu,pharmacy_166@yahoo.co.in,Gen.Arunkumar Vaidya Chowk   Near Lilavati Hospital  Bandra Reclamation  Bandra West Mumbai    400050,39554230,,
198,National Centre For Rural Development's  Institute Of Pharmacy    Nerul   Navi Mumbai,www.ncrdiop.org,ncrd.iop@rediffmail.com,Plot No. 93   Opposite Seawoods Rly Stn   Sector 19 Nerul(East)  Navi Mumbai 400706,27715308,,
199,Saraswati Education Society's Yadavrao Tasgaonkar Institute Of Pharmacy(Diploma)   Bhivpuri   Karjat,www.tasgaonkartech.com,ytipdiploma@gmail.com,Chandhai   Near Bhivpuri Railway Station   Taluka- Karjat   Dist- Raigad 400028,320600,,
200,Adarsh Shikshan Mandal's Ideal College Of Pharmacy   Kalyan,www.idealcollege.in,principal_icp@idealcollege.in,Adarsh Vidya Nagari   21/11   Bhal Gaon   P.O. Dwarli   Haji Malang Road   Via Kalyan Ryl Stn. Thane    421301,7718838222,,
201,Bhartiya Education Soc.'s Institute of Pharmacy   Velshet   Tal. Roha   Dist. Raigad,bespharmacycollege.com,besvspcy@gamil.com,At. Velshet   Nagothen   Tal. Roha   Dist. Raigad. 402106,222848,,
202,Kiran Patel Educatin Trust's Sardar Vallabhbhai Patel Polytechnic  Mumbai,svpp.com,svpp11@rediffmail.com,I.C. Colony    Link Road Mumbai    400101,28925045,,
203,Nagrik Shikshan Sanstha's College of Pharmacy,www.nsseducation.org/pharmacycollege,nsspharmacy165@yahoo.com,NSS Educational Complex   'A' wing  3rd floor  94  Tardeo  Mumbai  400034,8976000138,,
204,Durgadevi Saraf Institute of Management Studies   Malad (W)   Mumbai,www.rset.edu.in/dsims,c.babu@dsims.org.in,23-A   24-28   S.V.Road   Malad (W)   Mumbai 400064,45207711,,
205,Bharat College of Engineering   Kanhor   Badlapur(W),www.bharatedu.co.in,info@bharatedu.co.in,Kanhor   Badlapur(w).  Tal- Ambernath. Dist. Thane ,2665001,,
206,Dilkap Research Institute Of Engineering and Management Studies   At.Mamdapur   Post- Neral   Tal- Karjat    Mumbai,www.driems.in,sumaneducationaltrust@gmail.com,Village At.Mamdapur   Post- Neral   Tal- Karjat    Dist.Raigadh,651806,,
207,Kohinoor Business School    Kurla (West)   Mumbai,www.kbs.ac.in,contact@kbs.ac.in,Kohinoor City   Kirol Road   Kurla West Off LBS Road Mumbai  400070,67887700,,
208,Prabhakar Patil Education Society's Institute of Management Studies  Alibag   Raigad,www.ppesmms.com,ppesims@gmail.com,Plot no.4&6   Survey No. 81/6 at & Post Veshvi Gondhalpada  Alibag. Raigad    402103,633272,,
209,S A V Acharya Institute of Management Studies   Shelu   Tal. Karjat ,www.savaims.org,director.3357savaims.mumbai@gmail.com,Shelu/Damat Village   Taluka Karjat   Dist Thane Raigad    410101,229669,,
210,SAS Institute of Management Studies   Boisar Dist. Thane,www.sasmba.in,deep.sasinstitute@gmail.com,next to saidham complex   Saravali Boisar   Dist. Thane 401501,329741,,
211,SASMIRA's Institute of Management Studies & Research   Worli   Mumbai,www.simsr.sasmira.org,simsr@sasmira.org,Sasmira Marg   Worli Mumbai - 400 030 Mumbai Mumbai    400030,24932047,,
212,GNVS Institute of Management   Sion-Koliwada(E)   Mumbai,www.gnvsiom.org,gnvsiom@gmail.com,Guru Tegh Bahadur Nagar  Sion Koliwada (East) GTB Nagar Rly Stn(E)   Mumbai,24013273,,
213,Sir M Visvesvaraya Institute of Management Studies & Research   Wadala   Mumbai,www.svims.com,svims1@gmail.com,7A   Wadala(W)   Wadala   Mumbai. 400031,24180560,,
214,Rajendra Mane Polytechnic   Devrukh   Tal. Sangmeshwar   Dist. Ratnagiri,www.rmp.ind.in,info@rmp.ind.in,Survey No. 50/19 & 48/10   Ambav   Devrukh   Tal. Sangmeshwar  Dist-Ratnagiri-415804,269477,,
215,VIVA College of Diploma Engg &Tech.   At. Bolinj   Virar (W) Dist. Thane,www.vivadiploma.org,contact@vivadiploma.org, At. Bolinj   Virar (W) Thane    401303,7888018019,,
216,New Jai Bharat Shikshan Prasarak Mandal’s Shantiniketan Polytechnic   New Panvel,www.shantiniketanpolytechnic.edu.in,njbspmp@gmail.com,Plot No. 27   Sector 2   New Panvel. Raigad ,27460087,,
217,Shree L.R. Tiwari College of Engineering   Mira Road   Mumbai,,,,,,
,,,,,,,
,www.slrtce.in,slrtce@rahuleducation.com,Survey no. 267   Near Commisioner's Bungalow  Kanakiya Park  Mira Road (E)Thane,28120144,,,
218,Mahatma Education Society's Pillai's HOC College of Architecture   Rasayani,www.phcoa.ac.in,phcarch@gmail.com,Pillai's HOCL Educational Campus   Rasayani  Tal- Khalapur   Via Panvel   Dist. Raigad,252005,,
219,Bharati Vidyapeeth Institute of Pharmacy   Belapur Navi Mumbai,www.bviop.in,bharatiiop@rediffmail.com,Sector 8   C.B.D. Belapur   Navi Mumbai. 400614,27572131,,
220,B.R. Harne College of Engineering & Technology   Karav   Tal-Ambernath.,www.brharnetc.edu.in,jsiddhivinayakf@gmail.com,At.Karav   Post Vangani(w)   Tal. Ambernath   Dist. Thane ,2910190,,
221,Sahyadri Institute of Management & Research   Sawarde.,www.sahyadrimba.org,simrs2011@gmail.com,Sawarde   N.H. 17   Chiplun   Dist. Ratnagiri. 415606,264025,,
222,Aditya Institute of Management Studies & Research   Borivali,www.aimsr.edu.in,info@aimsr.com,F.P. No. 661+663+667/B   TPSIII   Ram Nagar   Borivali(W)   Mumbai,61106111,,
223,Anjuman-I-Islam's Kalsekar Technical Campus   Panvel,www.aiktc.org,aiktc.newpanvel@gmail.com,Plot No.2   3 Sector - 16   Khandgaon   Thane Naka   Panvel Dist. Raigad ,27481247,,
224,Metropolitan Institute of Technology & Management   Sukhalwad   Sindhudurg.,www.mitm.ac.in,jbfmumbai@gmail.com,At Village Sukhalwad   Near Sindhudurg Railway Station   Post Oras   Tal. Malvan Dist. Sindhudurg,228553,,
225,Rustomjee Business School   Dahisar.,www.rbs.rustomjee.com,rbs@school.rustomjee.com,Rustom Irani Marg   Dahisar(W)   Mumbai   400068,28937458,,
226,Sheila Raheja School of Business Management & Research   Bandra(E)   Mumbai.,www.srbs.edu.in,admin@srbs.edu.in,Raheja Educational Complex   Khernagar   Opp. Colgate Ground   Bandra(E)   Mumbai. 400051,61966666,,
227,Vishvatmak Jangli Maharaj Ashram Trust's Vishvatmak Om Gurudev College of Engineering   Mohili-Aghai   Shahpur.,www.vishwatmakengg.com,vishwatmakengg@gmail.com,At - Mohili   Post. Aghar   Taluka Shahapur   Dist. Thane,249001,,
228,Kala Vidyalaya Trust   Kala Institute of Management Studies & Research   Kandivali,www.kimms.co.in,kimms571@gmail.com,Plot No 2  RSC 6   S.No.41(PART)  Sector 8.CTS. No.3  Village Charkop Kandivali(west)   Mumbai.  400067,29677669,,
229,G.M.Vedak Institute of Technology   Tala   Raigad.,www.gmvit.com,gmvedakit@gmail.com,At Post Taluka. Tala   Dist. Raigad ,269004,,
230,Gokhale Education Society   Katgara Polytechnic Institute   Bordi.,www.katgarapolytechnic.com,katgarapolytechnic@gmail.com,At Post Bordi   Taluka Dhahanu   Dist. Thane  401701,254040,,
231,S.K.Education Trust   Dr. Manoj A Shete College of Engineering & Technology   Kasara.,www.drmscoet.com,skeducationtrust@yahoo.com,At Post Kasara   Tal. Shahapur   Dist. Thane ,246023,,
232,St.Wilfreds Institute of Architecture   Panvel,www.stwilfredsarchitecture.com,swc.mumbai@gmail.com,Survey No 92A/A Opposite Ayush Resort   Near Shedung Tollnaka  Old Bombay Pune Highway  Panvel Dist. Raigad ,Ext.-,,
233,Lokmanya Tilak Institute of Architecture and Design Studies   Kopar Khairane   Navi Mumbai.,www.ltiads.ltjss.net,ltiads2011@gmail.com,Sector-4   Vikas Nagar   Kopar Khairane   Navi Mumbai. ,27542441,,
234,Matoshri. Ushatai Jadhav Institute of Management studies & Research Centre   Bhivandi,www.muimrc.org,muimrc@gmail.com,Dhamankar Naka   Vidyashram   Bhivandi Thane    421305,228585,,
235,Chetana'S Institute Of Management and Research   Bandra(E)   Mumbai,www.cimr.in,director@cimr.in,Survey No. 341   Govt. Colony   Bandra (E)   Mumbai   - 400051,62157800,,
236,Smt. Geeta D. Tatkare Polytechnic At Gove   Kolad,www.sgdtatkarepoly.com,sgdtatkarepoly@gmail.com,At Gove   Post Kolad   Taluka Roha   Dist. Raigad.,203020,,
237,Bunts Sangha's Uma Krishna Shetty Institute of Management Studies & Research   Kurla,www.bsm-uks.edu.in,reach.uks@gmail.com,Buntara Bhavan   Bhandaray Estate   Buntara Bhavan Marg   Kurla   Mumbai ,24059090,,
238,Universal College of Engineering  Kaman Dist. Palghar,www.ucoe.edu.in,moses.lopes@universal.edu.in,Kaman Bhiwandi Road   S.N. 146(Part)   Kaman   Vasai,69624580,,
239,VPM's Maharshi Parshuram College of Engineering   Velneshwar   Ratnagiri.,www.vpmmpcoe.org,info@vpmmpcoe.org,At Post Velneshwar   Hedvai-Guhagar Road   Guhagar  Ratnagiri.,243101,,
240,Urja Education Society's Aditya Polytechnic   Ratnagiri,www.adityapolytechnic.com,urja.aditya@gmail.com,Gat No. 493   At And Post Talawade   College Road   Near Adavali Railway Station   Taluka Lanja   Dist. Ratnagiri,9673963564,,
241,Viva Institute of Pharmacy   Virar(E),www.vivapharmacy.org,pharmacy@vivacollege.org,Shirgaon   Virar(E)   Dist. Palghar,7770002544,,
242,Ideal Institute of Technology   Wada   Dist.Thane,www.idealwada.com,idealinstituteoftechnology13@gmail.com,40   Pasheri Village   Pimplaj road   Taluka Wada   Dist.Thane. ,212144,,
243,Devi Mahalaxmi Polytechnic   Titwala   Kalyan,www.devimahalaxmipolytechnic.in,principal.dmpc@gmail.com,At Mhaskal   Near Ganesh Temple   Titwala   Kalyan. ,25948752,,
244,Vishwaniketan's Institute of Management Entrepreneurship and Engineering Technology(i MEET)   Khalapur Dist Raigad,www.vishwaniketan.edu.in,mail.vishwaniketan@gmail.com,Survey No. 52 Kumbhivali   On Mumbai-Pune Expressway   Near Khalapur Toll Naka   Tal-Khalapur   Dist- Raigad,274206,,
245,Aditya College of Architecture   Borivali (W)   Mumbai,www.aditya-arch.edu.in,aditya.architecture@gmail.com,Adiya Educational Campus   R.M. Bhattad marg   Ram Nagar   Boravali (W)   Mumbai,61106111,,
246,Dalvi Education and charitable trust Maharashtra Polytechnic   Soveli   Tal. Mandangad,www.mahapoly.in,kalpesh.shinde1984@gmail.com,At Shenale   Post Soveli   Tal. Mandangad   Dist Ratnagiri,Ext.-,,
247,Yashwantrao Bhonsale Polytechnic   Charathe    Sawantwadi,www.sybespolytechnic.com,ybpolytechnic@gmail.com,At Post Charathe ( Vazarwadi)   Tal.Sawantwadi   Sindhudurg.,273535,,
248,New Horizon Institute of Technology & Management   Thane,www.nhitm.ac.in,principal@nhitm.ac.in,Anand Nagar   Kavesar   Off. Ghodbunder Road   Thane(W),25971778,,
249,Thakur School of Architecture   Kandivali,www.tsapmumbai.in,tsap@thakureducation.org,Thakur Education Campus   Shamnarayan thakur marg   Thakur Village   Kandivali(E)   Mumbai.,67308001,,
250,Ideal Institute of Architecture   Posheri   Wada,idealarchicture.com,abhigodha431@gmail.com,Gat No. 40-1 and 2   Pimpal Road   Poseri   Tal. Wada   Dist.Thane,25262144,,
251,A. P. Shah Institute of Technology   Thane,www.apsit.edu.in,principal@apsit.org.in,Survey No. 12   Opp. Hypercity Mall   Kasarvadavali   Ghodbunder Road   Thane (W),25973737,,
252,Chhartrapati Shivaji Maharaj Institute of Technology   Shedung   Panvel,www.csmit.in,csmit.mah@gmail.com,92A/1   Old Mumbai Pune Highway   Near Shedung Toll naka Village Shedung   Panvel   Dist Raigad,Ext.-,,
253,CTES College of Architecture   Chembur   Mumbai.,www.ctescoa.com,principal@ctescoa.com,N.G. Acharya Marg   Chembur   Mumbai.,25217343,,
254,Shivgiita Institute of Diploma in Pharmacy   Asangaon.,www.shivgitadpharma.org,vjtsscoe@rediffmail.com,Opp. Asangaon Railway Station   Asangaon   Dist.Thane,273999,,
255,Yashwantrao Bhonsale College of Pharmacy   A/P Charathe   Sawantwadi,www.sybespharmacy.com,ybpharmacy@gmail.com,Buidling No.2   A/P Charathe   Vazarwadi   Tal.Sawantwadi   Dist.Sindhudurg,272299,,
256,The Navkonkan Education Society's Institute of Management Studies   Chiplun,www.neims.org.in,neimschiplun@gmail.com,S.K.Patil Nagar   Mumbai Goa High way   Chiplun   Dist.Ratnagiri,253043,,
257,B.R. Harne College of Architecture   Karav   Vangani(W),www.brharnecoa.edu.in,brharnecoa@gmail.com,AT Village Karav   Vangani(West)   Dist Thane ,Ext.-,,
258,Vishwaniketan College of Architecture   Art & Design   Khalapur,www.vishwaniketan.edu.in,vcaad@vishwaniketan.edu.in,Survey No. 52   Kumbhivali Near Khalapur Toll Naka   off Mumbai-Pune   Expressway   Khalapur   Raigad,2192274206,,
259,Smt. K.L. Tiwari College of Architecture   Nalasopara   Palghar,www.skltca.in,kantiltiwari1@gmail.com,Survey No. 185   177   Near Mother Merry English School   Shri Prastha   Nalasopara   Dist Palghar,8007916355,,
260,St. Wilfred's Institute of Pharmacy   Panvel,www.swippanvel.in,swc.mumbai@gmail.com,old Mumbai-Pune Highway Near Shedoung Toll plaza   Raigad,2143239091,,
261,Shree Saraswati Institute of Pharmacy   At Post Tondavali   Kankavali,www.sespharmacy.com,shreesaraswatipharmacy@gmail.com,At Post Tondavali   Nandgaon-Ponda road   Taluka Kankavali   Dist.Sindhudurg,248589,,
262,Ideal Institute of Pharmacy   Wada,,idealpharmacy3487@gmail.com,Ideal Foundation   Wada   Taluka Wada   District Palghar,222526214,,
263,School of Environment and Architecture   Borivali,www.sea.edu.in,contact@sea.edu.in,Eksar Road   Borivali(west)   Mumbai.,Ext.-,,
264,Yashwantrao Bhonsale College of D. Pharmacy   Charathe Vazarwadi,www.ybdpharmacy.com,ybdpharmacy@gmail.com,Building NO.4   A/P Charathe Vazarwadi   Taluka Sawantwadi   Dist Sindhudurg,272251,,
265,VP College of Pharmacy   Madkhol   Sawantwadi,www.vpcpm.org,vpcpm2017@gmail.com,Gut No.286   At Post Madkhol   Taluka Sawantwadi   Dist Sindhudurg,246670,,
266,SBNM College of Pharmacy(D.Pharmacy)   Mahad,sbnmdpharmmahad.org,sbnm.cop@gmail.com,Gut No.311 & 313   Achloli   Mahad   Raigad,9970166872,,
267,Shri Angarsiddha Shikshan Prasarak Mandal's ASPM College of Pharmacy   Sangulwadi,www.aspmocop.org,aspmpharmacy@gmail.com,At Post Sangulwadi   Tal Vaibhavwadi   Dist. Sindhudurg,237270,,
268,Smt. Jayshree Sharadchandra Kothari Business School   Dadar   Mumbai,www.jskbschool.org,office.jskbs@despune.org,DES Mumbai Campus   Kirti College Road   Veer Savarkar Marg   Mumbai,62764554,,
269,Vasantdada Patil Pratishthan's Manohar Phalke College of Architecture   Sion-Chunabhatti   Mumbai,www.mpcoa.in,sheetalckamble@gmail.com,Vasantdada Patil Educational Complex   Eastern Express Highway   Sion-Chunabhatti   Mumbai.,20847227,,
270,Vivekanand Education Society's  College of Architecture   Chembur   Mumbai,,,Hashu Advani Memorial Complex   Behind Collector Colony   R.C. Marg   Chembur   Mumbai,Ext.-,,
271,S.K. Education Trust's Dr. Manoj A. Shete College of Architecture    Kasara,202,GOPINATH TOWER PARSIKNAGAR,manojpchavan@gmail.com,At post Kasara   Taluka  Shahapur   Dist.Thane,8108000534,
272,Sasmiras Business School   Worli   Mumbai,www.sbs.sasmira.org,sbs@sasmira.org,Sasmira Marg Worli Mumbai - 400030    Mumbai   Mumbai City    Maharashtra 400030,24935351,,
273,M.S. College Of Pharmacy   Devghar,www.mscollegeofpharmacy.com,mscollegeofpharmacy2019@gmail.com,Sy. No. 120   Devghar    Taluka : Wada Dist: Palghar   Thane,,,
,,,,,,,
,Ext.-,,,,,,
274,Vijayrao Naik College Of  Pharmacy   Shirval,ykskankavali.co.in,vncop19@gmail.com,A/P Shirval   Tal-Kankavli   Dist. Sindhudurg,,,
,,,,,,,
,Ext.-,,,,,,
275,Siddhis Institute Of Pharmacy   Nandgaon,bdsp.org.in,principal.siddhi@gmail.com,At.Post Nandgaon Tal. Murbad Dist  Thane,,,
,,,,,,,
,8408035769,,,,,,
276,Indala College Of Engineering   Bapsai Tal.Kalyan,icoe.ac.in,icoekalyan1@gmail.com,Near Hp Gagangiri Petrol Pump   Kalyan-Murbad Road   Bapsai   Taluka Kalyan   Dist Thane ,2973456,,
277,Raigad College Of Pharmacy   Mohopre,www.raigadcopmohopre.com,raigadcop@gmail.com,Mohopre   Tal. Mahad   Dist. Raigad,,,
,,,,,,,
,8956972859,,,,,,
278,Abhinav Institute Of Pharmacy   Chinchpada,www.abhinavpharmacy.in,abhinavinstituteofpharmacy@gmail.com,4/3 B Chinchpada     Taluka Ambernath   District Thane,,,
,,,,,,,
,2250455,,,,,,
279,Shri. Pandit Baburao Chaughule College Of Pharmacy   Rahanal ,www.saisevaspmbhiwandi.in,spbc.pharmacy@gmail.com,At/Po. Rahanal   Anjur Phata   Jakat Naka   Bhiwandi,Ext.-,,
280,Indala School of Architechture   Bapsai Tal.Kalyan,www.isoa.ac.in,isoakalyan1@gmail.com,Near Hp Gagangiri Petrol Pump   Kalyan-Murbad Road   Bapsai   Kalyan  421301,,,
,,,,,,,
,Ext.-,,,,,,
281,B.K. Patil Institute of Pharmacy   Taloja   Panvel,www.bkpiop.com,kghpss.2019@gmail.com,Shiv Mandir   Taloja   Taluka Panvel Dist.Raigad,222742464,,
